position_id,counterparty,sector,country,rating,notional,market_value,duration,spread_duration,dv01,pd,lgd,direction,beta,currency,asset_class
P001,Meridian Steel,Materials,US,BBB,20000000.0,19800000.0,0.0,3.2,0.0,0.01,0.45,1,0.0,USD,Loan
P002,Meridian Steel,Materials,US,BBB,10000000.0,10044930.2998559,4.224459269017381,3.5581517141005756,0.0,0.0,0.45,1,0.0,USD,Bond
P003,Northwind Energy,Energy,US,BB,20000000.0,19800000.0,0.0,3.2,0.0,0.03,0.45,1,0.0,USD,Loan
P004,Northwind Energy,Energy,US,BB,25000000.0,25111001.617001515,5.726832668741749,5.361970049796159,0.0,0.0,0.45,1,0.0,USD,Bond
P005,Helios Airlines,Industrials,EU,BB,20000000.0,19800000.0,0.0,3.2,0.0,0.03,0.45,1,0.0,USD,Loan
P006,Helios Airlines,Industrials,EU,BB,10000000.0,9656217.143916955,4.163304466953698,5.408074916199921,0.0,0.0,0.45,1,0.0,USD,Bond
P007,Atlas Retail,Consumer,US,BBB,35000000.0,34650000.0,0.0,3.2,0.0,0.01,0.45,1,0.0,USD,Loan
P008,Atlas Retail,Consumer,US,BBB,25000000.0,24974826.656669285,5.724707403016083,3.881762488162787,0.0,0.0,0.45,1,0.0,USD,Bond
P009,Pacifica Shipping,Industrials,APAC,B,50000000.0,49500000.0,0.0,3.2,0.0,0.07,0.45,1,0.0,USD,Loan
P010,Pacifica Shipping,Industrials,APAC,B,10000000.0,10055284.420277862,3.7982965818844505,4.69045759261401,0.0,0.0,0.45,1,0.0,USD,Bond
P011,Orion Telecom,Communication,EU,A,50000000.0,49500000.0,0.0,3.2,0.0,0.004,0.45,1,0.0,USD,Loan
P012,Orion Telecom,Communication,EU,A,10000000.0,9729188.257264553,6.8174706450326195,3.408841106079395,0.0,0.0,0.45,1,0.0,USD,Bond
P013,Vertex Pharma,Healthcare,US,A,80000000.0,79200000.0,0.0,3.2,0.0,0.004,0.45,1,0.0,USD,Loan
P014,Vertex Pharma,Healthcare,US,A,10000000.0,9815387.628290776,4.7197786123948555,4.058083468888052,0.0,0.0,0.45,1,0.0,USD,Bond
P015,Sable Mining,Materials,EM,B,20000000.0,19800000.0,0.0,3.2,0.0,0.07,0.45,1,0.0,USD,Loan
P016,Sable Mining,Materials,EM,B,25000000.0,24689137.319507763,3.6241308142660467,6.68918148811264,0.0,0.0,0.45,1,0.0,USD,Bond
P017,Quantum Tech,Technology,US,A,20000000.0,19800000.0,0.0,3.2,0.0,0.004,0.45,1,0.0,USD,Loan
P018,Quantum Tech,Technology,US,A,25000000.0,24439767.42211064,6.143198997472217,6.541806991747228,0.0,0.0,0.45,1,0.0,USD,Bond
P019,Cobalt Bank,Financials,EU,BBB,50000000.0,49500000.0,0.0,3.2,0.0,0.01,0.45,1,0.0,USD,Loan
P020,Cobalt Bank,Financials,EU,BBB,25000000.0,24288432.885384988,3.347775744118705,5.645053274270841,0.0,0.0,0.45,1,0.0,USD,Bond
P021,AAPL,Technology,US,A,12000000.0,12000000.0,0.0,0.0,0.0,0.0,0.45,1,1.2,USD,Equity
P022,JPM,Financials,US,A,8000000.0,8000000.0,0.0,0.0,0.0,0.0,0.45,1,1.1,USD,Equity
P023,XOM,Energy,US,A,8000000.0,8000000.0,0.0,0.0,0.0,0.0,0.45,1,0.9,USD,Equity
P024,BA,Industrials,US,A,8000000.0,8000000.0,0.0,0.0,0.0,0.0,0.45,1,1.4,USD,Equity
P025,PFE,Healthcare,US,A,12000000.0,12000000.0,0.0,0.0,0.0,0.0,0.45,1,0.7,USD,Equity
P026,WMT,Consumer,US,A,12000000.0,12000000.0,0.0,0.0,0.0,0.0,0.45,1,0.6,USD,Equity
P027,Cobalt Bank,Financials,EU,BBB,100000000.0,89433.39307896618,0.0,0.0,22500.0,0.0,0.45,1,0.0,USD,IRS
P028,Cobalt Bank,Financials,EU,BBB,100000000.0,584343.5546329755,0.0,0.0,45000.0,0.0,0.45,-1,0.0,USD,IRS
P029,Cobalt Bank,Financials,EU,BBB,100000000.0,-288549.6736970898,0.0,0.0,67500.0,0.0,0.45,1,0.0,USD,IRS
P030,Cobalt Bank,Financials,EU,BBB,100000000.0,-38148.089704222046,0.0,0.0,90000.0,0.0,0.45,-1,0.0,USD,IRS
P031,Orion Telecom,Communication,EU,A,40000000.0,200000.0,0.0,0.0,0.0,0.0,0.45,1,0.0,EUR,FX_Forward
P032,Orion Telecom,Communication,EU,A,40000000.0,200000.0,0.0,0.0,0.0,0.0,0.45,-1,0.0,JPY,FX_Forward
P033,Orion Telecom,Communication,EU,A,40000000.0,200000.0,0.0,0.0,0.0,0.0,0.45,1,0.0,INR,FX_Forward
P034,Orion Telecom,Communication,EU,A,40000000.0,200000.0,0.0,0.0,0.0,0.0,0.45,1,0.0,BRL,FX_Forward
P035,Northwind Energy,Energy,US,BB,30000000.0,100000.0,0.0,0.0,0.0,0.0,0.45,1,0.0,USD,Commodity_Swap
P036,Northwind Energy,Energy,US,BB,30000000.0,100000.0,0.0,0.0,0.0,0.0,0.45,-1,0.0,USD,Commodity_Swap
